{
  "hash": "eba1b18d",
  "configHash": "19716379",
  "lockfileHash": "06adb025",
  "browserHash": "402a2757",
  "optimized": {
    "@angular/core": {
      "src": "../../../../../../node_modules/@angular/core/fesm2022/core.mjs",
      "file": "@angular_core.js",
      "fileHash": "e674c5f5",
      "needsInterop": false
    },
    "@angular/platform-browser": {
      "src": "../../../../../../node_modules/@angular/platform-browser/fesm2022/platform-browser.mjs",
      "file": "@angular_platform-browser.js",
      "fileHash": "952f4025",
      "needsInterop": false
    },
    "@angular/router": {
      "src": "../../../../../../node_modules/@angular/router/fesm2022/router.mjs",
      "file": "@angular_router.js",
      "fileHash": "b4dcbe3d",
      "needsInterop": false
    },
    "@angular/forms": {
      "src": "../../../../../../node_modules/@angular/forms/fesm2022/forms.mjs",
      "file": "@angular_forms.js",
      "fileHash": "aa643fe5",
      "needsInterop": false
    },
    "tslib": {
      "src": "../../../../../../node_modules/tslib/tslib.es6.mjs",
      "file": "tslib.js",
      "fileHash": "443c7473",
      "needsInterop": false
    }
  },
  "chunks": {
    "chunk-I6TDTVJY": {
      "file": "chunk-I6TDTVJY.js"
    },
    "chunk-COLJH4RA": {
      "file": "chunk-COLJH4RA.js"
    },
    "chunk-VYSC63LM": {
      "file": "chunk-VYSC63LM.js"
    },
    "chunk-4FRP4S3T": {
      "file": "chunk-4FRP4S3T.js"
    }
  }
}