{
  "hash": "b39f1b5d",
  "configHash": "77902ba8",
  "lockfileHash": "d10e6d70",
  "browserHash": "04c60e9b",
  "optimized": {
    "@angular/core": {
      "src": "../../../../../../node_modules/@angular/core/fesm2022/core.mjs",
      "file": "@angular_core.js",
      "fileHash": "85407626",
      "needsInterop": false
    },
    "@angular/platform-browser": {
      "src": "../../../../../../node_modules/@angular/platform-browser/fesm2022/platform-browser.mjs",
      "file": "@angular_platform-browser.js",
      "fileHash": "e76c9ec6",
      "needsInterop": false
    },
    "@angular/router": {
      "src": "../../../../../../node_modules/@angular/router/fesm2022/router.mjs",
      "file": "@angular_router.js",
      "fileHash": "61f344d7",
      "needsInterop": false
    }
  },
  "chunks": {
    "chunk-KBKLZTRE": {
      "file": "chunk-KBKLZTRE.js"
    },
    "chunk-UHEQVDSS": {
      "file": "chunk-UHEQVDSS.js"
    }
  }
}